s3a://govdata-parquet-v1/research/nih_award_projects/data/type=nih_award_projects/year=2022/data_e76e97f8.parquet	type=nih_award_projects/year=2022	21518
s3a://govdata-parquet-v1/research/nih_award_projects/data/type=nih_award_projects/year=2022/data_15a551fc.parquet	type=nih_award_projects/year=2022	19602
s3a://govdata-parquet-v1/research/nih_award_projects/data/type=nih_award_projects/year=2022/data_594d132a.parquet	type=nih_award_projects/year=2022	23775
s3a://govdata-parquet-v1/research/nih_award_projects/data/type=nih_award_projects/year=2022/data_7a3d1a1f.parquet	type=nih_award_projects/year=2022	14812
s3a://govdata-parquet-v1/research/nih_award_projects/data/type=nih_award_projects/year=2023/data_28ba0420.parquet	type=nih_award_projects/year=2023	22312
s3a://govdata-parquet-v1/research/nih_award_projects/data/type=nih_award_projects/year=2023/data_80229903.parquet	type=nih_award_projects/year=2023	24898
s3a://govdata-parquet-v1/research/nih_award_projects/data/type=nih_award_projects/year=2023/data_1a208e20.parquet	type=nih_award_projects/year=2023	20193
s3a://govdata-parquet-v1/research/nih_award_projects/data/type=nih_award_projects/year=2023/data_700daf6c.parquet	type=nih_award_projects/year=2023	13441
s3a://govdata-parquet-v1/research/nih_award_projects/data/type=nih_award_projects/year=2024/data_e3d27bc7.parquet	type=nih_award_projects/year=2024	21710
s3a://govdata-parquet-v1/research/nih_award_projects/data/type=nih_award_projects/year=2024/data_7832f6d9.parquet	type=nih_award_projects/year=2024	24644
s3a://govdata-parquet-v1/research/nih_award_projects/data/type=nih_award_projects/year=2024/data_1eff5a02.parquet	type=nih_award_projects/year=2024	20408
s3a://govdata-parquet-v1/research/nih_award_projects/data/type=nih_award_projects/year=2024/data_67908821.parquet	type=nih_award_projects/year=2024	12481
s3a://govdata-parquet-v1/research/nih_award_projects/data/type=nih_award_projects/year=2025/data_517f1380.parquet	type=nih_award_projects/year=2025	25993
s3a://govdata-parquet-v1/research/nih_award_projects/data/type=nih_award_projects/year=2025/data_dd3e34c9.parquet	type=nih_award_projects/year=2025	21613
s3a://govdata-parquet-v1/research/nih_award_projects/data/type=nih_award_projects/year=2025/data_9f2b5eaf.parquet	type=nih_award_projects/year=2025	20433
s3a://govdata-parquet-v1/research/nih_award_projects/data/type=nih_award_projects/year=2025/data_2b19eb4d.parquet	type=nih_award_projects/year=2025	4765
